# Fuente: https://raw.githubusercontent.com/luisms123/tdt/master/guiacanales.xml
Radio Cristiana Amor Eterno,Radio Cristiana Amor Eterno,https://i.imgur.com/X0ooVPY.png
Evolucion Musical,Evolucion Musical,https://i.imgur.com/X0ooVPY.png
Radio LMS,Radio LMS,https://imgur.com/dSSzPR5.png
Retro Show Music,Retro Show Music,https://i.imgur.com/X0ooVPY.png
ACO TV,ACO TV,https://i.imgur.com/X0ooVPY.png
Apocalipsis 38,Apocalipsis 38,https://i.imgur.com/X0ooVPY.png
Aqmar4k Handball,Aqmar4k Handball,https://i.imgur.com/X0ooVPY.png
Canal Cultural Huauchinango,Canal Cultural Huauchinango,https://i.imgur.com/X0ooVPY.png
Color TV,Color TV,https://i.imgur.com/X0ooVPY.png
Futbol Regio,Futbol Regio,https://i.imgur.com/X0ooVPY.png
JTV,JTV,https://i.imgur.com/X0ooVPY.png
Radio Doble Impacto,Radio Doble Impacto,https://i.imgur.com/X0ooVPY.png
Radio Zona FM Ecuador,Radio Zona FM Ecuador,https://i.imgur.com/X0ooVPY.png
Retro Hits TV,Retro Hits TV,https://i.imgur.com/X0ooVPY.png
Sucremanta TV,Sucremanta TV,https://i.imgur.com/X0ooVPY.png
Tv Rex Tv,Tv Rex Tv,https://i.imgur.com/X0ooVPY.png
TvsxTv,TvsxTv,https://i.imgur.com/X0ooVPY.png
Volviendo Tv,Volviendo Tv,https://i.imgur.com/X0ooVPY.png
WT Medio Digital,WT Medio Digital,https://i.imgur.com/X0ooVPY.png
Xatheaec Tv,Xatheaec Tv,https://i.imgur.com/X0ooVPY.png
ACS Network TV,ACS Network TV,https://i.imgur.com/jKsmoAn.png
Ani Retro,Ani Retro,https://imgur.com/KPrD9ev.png
AnimeStation,AnimeStation,https://i.imgur.com/z780GyN.png
Anime Zone TV,Anime Zone TV,https://i.imgur.com/z1VIGD7.png
Big TV,Big TV,https://i.imgur.com/V60dnOp.png
Boomerang,Boomerang,https://i.imgur.com/V60dnOp.png
CachiPum Tv,CachiPum Tv,http://cachipumtv.live/assets/img/brand.png
Canal 5 del Pueblo,Canal 5 del Pueblo,https://imgur.com/KPrD9ev.png
Canal LMS,Canal LMS,
CN City,CN City,
Cartoon Network Clasico Peru,Cartoon Network Clasico Peru,https://imagenes.gatotv.com/logos/canales/oscuros/cartoon_network_latinoamerica.png
Diti TV,Diti TV,https://radiotv.ar/img/l/dititv.jpg
Dreiko TV,Dreiko TV,https://i.imgur.com/eaqJWmD.png
Gen TV,Gen TV,https://i.imgur.com/mXpId1b.jpg
Gogoplay TV,Gogoplay TV,https://i.imgur.com/tCwRSRr.png
Radio Ipersonica TV,Radio Ipersonica TV,https://i.imgur.com/8eSqC8L.png
Latino Kids Tv,Latino Kids Tv,https://i.imgur.com/BArIlh7.jpg
Invasiva TV,Invasiva TV,https://i.imgur.com/QGby81g.png
Loco,Loco,http://locomotiontv.com/locomotion/logo.png
Magic Kids Tv,Magic Kids Tv,
Magic Kids,Magic Kids,https://i.imgur.com/Uu8dciU.png
Magic Kids 2,Magic Kids 2,https://i.imgur.com/Uu8dciU.png
Maxima TV,Maxima TV,https://i.imgur.com/0IMDwqA.jpg
Mi TV Television Clasica,Mi TV Television Clasica,
Moni TV,Moni TV,https://i.imgur.com/Wct9jsp.png
COMHITS,COMHITS,https://i.imgur.com/4NQJcFJ.png
Kanade Tv,Kanade Tv,https://i.imgur.com/VlGfWW5.png
PS Television,PS Television,https://i.imgur.com/X0ooVPY.png
Retro Magico,Retro Magico,https://static-cdn.jtvnw.net/jtv_user_pictures/2b903ff4-40ae-4b68-8726-53095a95cc89-profile_image-70x70.png
RetroX TV,RetroX TV,https://i.imgur.com/Cghkxbr.png
TalTal TV,TalTal TV,https://i.imgur.com/4qDvBH9.png
Teleclasica,Teleclasica,https://i.imgur.com/PCtEVPc.jpg
Tele Estrella,Tele Estrella,https://i.imgur.com/YcW70qW.png
TeleRed,TeleRed,https://i.imgur.com/pkstHpE.png
Tigueritos TV,Tigueritos TV,https://i.imgur.com/qu7ttMx.png
Ninja Z HD,Ninja Z HD,https://i.ibb.co/VYXgbZB8/Logo-Ninja-Z.png
Ninja Z,Ninja Z,https://i.ibb.co/VYXgbZB8/Logo-Ninja-Z.png
Toonizaki HD,Toonizaki HD,https://i.imgur.com/rqep0vp.png
Toonami Tv,Toonami Tv,https://i.imgur.com/PCtEVPc.jpg
Tv Retro Palmares,Tv Retro Palmares,https://lh3.googleusercontent.com/-69OUFEsZEzE/XuzYkDQB5ZI/AAAAAAAA2A8/TtTckrIloRkQkhv8uNthZzDvFMH-dAkFwCK8BGAsYHg/s0/2020-06-19.png
TVS Retro,TVS Retro,https://i.imgur.com/mZNsS9S.png
VariedTV,VariedTV,https://i.imgur.com/55Juhdx.jpg
Casa Grande TV,Casa Grande TV,
Voice Over Radio TV,Voice Over Radio TV,https://i.imgur.com/qhLnq2W.png
Zaz TV,Zaz TV,https://i.imgur.com/CMMEIq3.png
Fox Kids,Fox Kids,https://i.postimg.cc/Z518Hwrr/FOX-Kids-logo.png
Jetix,Jetix,https://i.imgur.com/D9wFBkQ.png
EnerGeek Retro,EnerGeek Retro,https://i.imgur.com/2HZW3E2.png
Fanpop TV,Fanpop TV,https://i.imgur.com/eKGk5FD.jpg
CCP Radio,CCP Radio,https://i.imgur.com/WzKFh03.png
Anipop TV,Anipop TV,https://i.imgur.com/PzEK6DI.png
EnerGeek Radio TV,EnerGeek Radio TV,https://i.imgur.com/GmzkMUQ.jpg
Locomotion,Locomotion,http://locomotiontv.com/locomotion/logo.png
AZTV,AZTV,http://locomotiontv.com/locomotion/aztv_logo.png
Alf,Alf,
Canal 6,Canal 6,https://i.imgur.com/MzuTLkz.png
Canal 13 Michoacan,Canal 13 Michoacan,https://i.imgur.com/z1VIGD7.png
Cartoon Network Clasico,Cartoon Network Clasico,https://imagenes.gatotv.com/logos/canales/oscuros/cartoon_network_latinoamerica.png
Caricaturas,Caricaturas,
CBTV Michoacan,CBTV Michoacan,https://i.imgur.com/z1VIGD7.png
Educa TV Ecuador,Educa TV Ecuador,
El Chapulin,El Chapulin,
El Chavo,El Chavo,
Frecuencia Musical TV,Frecuencia Musical TV,https://www.frecuenciamusicaltv.com/wp-content/uploads/2017/01/ic_launcher-playstore-370x370.png
Futurama,Futurama,
Infantil TV,Infantil TV,
Kanade TV,Kanade TV,https://i.imgur.com/VlGfWW5.png
Kids 90,Kids 90,https://i.imgur.com/mPuGkKR.jpg
La Octava,La Octava,
Los Simpson,Los Simpson,
Magic Kids OK,Magic Kids OK,https://i.imgur.com/Uu8dciU.png
Media Group Radio,Media Group Radio,https://i.imgur.com/z1VIGD7.png
MIPTV,MIPTV,https://i.imgur.com/7mkjt2l.png
Monte Maria,Monte Maria,https://i.imgur.com/NIfwd9a.png
Multicanal Ecuador,Multicanal Ecuador,https://4.bp.blogspot.com/-HAV870gdo80/XoE1dXsyK6I/AAAAAAAAAx4/f5LT4C9r9KIHLnOzFzUPLYlq_-ZwWhghgCLcBGAsYHQ/s1600/multicanal.png
Noticias MVS,Noticias MVS,https://i.imgur.com/z1VIGD7.png
Norte Informativo TV,Norte Informativo TV,
Pequeradio,Pequeradio,
PlanetaTV Kids,PlanetaTV Kids,https://planetatv.online/wp-content/uploads/2022/02/LOGOPNG.png
Programacion Local,Programacion Local,
SMRTV Michoacan,SMRTV Michoacan,https://i.imgur.com/z1VIGD7.png
Solo Stand Up,Solo Stand Up,https://lh3.googleusercontent.com/-vs6bQTy4Dns/X30TqJ-CdrI/AAAAAAAA6M4/WUtqB3d4eiEp7oHE44DkOhh5V0NNTDMSACK8BGAsYHg/s0/2020-10-06.png
South Park,South Park,
Telesistema,Telesistema,https://i.imgur.com/FhkTl6z.jpg
Transmedia TV,Transmedia TV,https://i.imgur.com/z1VIGD7.png
TV Educa Chile,TV Educa Chile,https://cdn.mitvstatic.com/programs/cl_tv-educa_l_l.jpg
TVLuchitas,TVLuchitas,https://static-cdn.jtvnw.net/jtv_user_pictures/58d4bee8-b7ce-45de-baad-a54b06c134bf-profile_image-70x70.png
Copa America,Copa America,
Copa Mundial,Copa Mundial,
Copa Oro,Copa Oro,
Eurocopa,Eurocopa,
Deportes 1,Deportes 1,
1 Colombia,1 Colombia,https://imagenes.gatotv.com/logos/canales/oscuros/1_colombia-mediano.png
Azteca Uno,Azteca Uno,https://imagenes.gatotv.com/logos/canales/oscuros/azteca_uno-mediano.png
Azteca Uno -1 Hora,Azteca Uno -1 Hora,https://imagenes.gatotv.com/logos/canales/oscuros/azteca_uno-mediano.png
Azteca Uno -2 Horas,Azteca Uno -2 Horas,https://imagenes.gatotv.com/logos/canales/oscuros/azteca_uno-mediano.png
La 1,La 1,https://imagenes.gatotv.com/logos/canales/oscuros/la_1-mediano.png
2 de El Salvador,2 de El Salvador,https://imagenes.gatotv.com/logos/canales/oscuros/2_el_salvador-mediano.png
Canal De Las Estrellas,Canal De Las Estrellas,https://imagenes.gatotv.com/logos/canales/oscuros/de_las_estrellas-mediano.png
2 de Nicaragua Televicentro,2 de Nicaragua Televicentro,https://imagenes.gatotv.com/logos/canales/oscuros/2_de_nicaragua-mediano.png
2 de Panamá TVN-2,2 de Panamá TVN-2,https://imagenes.gatotv.com/logos/canales/oscuros/2_de_panama-mediano.png
2 de República Dominicana Teleantillas,2 de República Dominicana Teleantillas,https://imagenes.gatotv.com/logos/canales/oscuros/2_de_republica_dominicana-mediano.png
La 2,La 2,https://imagenes.gatotv.com/logos/canales/oscuros/la_2-mediano.png
3 de Guatemala,3 de Guatemala,https://imagenes.gatotv.com/logos/canales/oscuros/3_de_guatemala-mediano.png
Canal Antena 3,Canal Antena 3,https://imagenes.gatotv.com/logos/canales/oscuros/antena_3-mediano.png
4 de Costa Rica,4 de Costa Rica,https://imagenes.gatotv.com/logos/canales/oscuros/4_de_costa_rica-mediano.png
4 de El Salvador,4 de El Salvador,https://imagenes.gatotv.com/logos/canales/oscuros/4_el_salvador-mediano.png
4 de Guadalajara,4 de Guadalajara,https://imagenes.gatotv.com/logos/canales/oscuros/4_de_guadalajara-mediano.png
Cuatro de España,Cuatro de España,https://imagenes.gatotv.com/logos/canales/oscuros/cuatro_de_espana-mediano.png
RTS,RTS,https://imagenes.gatotv.com/logos/canales/oscuros/rts-mediano.png
Canal 5,Canal 5,https://imagenes.gatotv.com/logos/canales/oscuros/5_de_mexico-mediano.png
5 de República Dominicana Telemicro,5 de República Dominicana Telemicro,https://imagenes.gatotv.com/logos/canales/oscuros/5_republica_dominicana-mediano.png
5 El Líder,5 El Líder,https://imagenes.gatotv.com/logos/canales/oscuros/5_de_honduras-mediano.png
Telecinco,Telecinco,https://imagenes.gatotv.com/logos/canales/oscuros/telecinco-mediano.png
6 de Costa Rica,6 de Costa Rica,https://imagenes.gatotv.com/logos/canales/oscuros/6_de_costa_rica-mediano.png
6 de El Salvador,6 de El Salvador,https://imagenes.gatotv.com/logos/canales/oscuros/6_el_salvador-mediano.png
6 de Puerto Rico WIPR-TV,6 de Puerto Rico WIPR-TV,https://imagenes.gatotv.com/logos/canales/oscuros/6_de_puerto_rico-mediano.png
La Sexta,La Sexta,https://imagenes.gatotv.com/logos/canales/oscuros/la_sexta-mediano.png
7 de Antena Latina,7 de Antena Latina,https://imagenes.gatotv.com/logos/canales/oscuros/7_republica_dominica-mediano.png
7 de Costa Rica Teletica,7 de Costa Rica Teletica,https://imagenes.gatotv.com/logos/canales/oscuros/7_de_costa_rica-mediano.png
7 de Guatemala,7 de Guatemala,https://imagenes.gatotv.com/logos/canales/oscuros/7_de_guatemala-mediano.png
7 de Puerto Rico teleisla,7 de Puerto Rico teleisla,https://imagenes.gatotv.com/logos/canales/oscuros/7_de_puerto_rico-mediano.png
Azteca 7,Azteca 7,https://imagenes.gatotv.com/logos/canales/oscuros/azteca_7-mediano.png
9 de Color Visión República Dominicana,9 de Color Visión República Dominicana,https://imagenes.gatotv.com/logos/canales/oscuros/9_republica_dominicana-mediano.png
9 de Honduras Vica,9 de Honduras Vica,https://imagenes.gatotv.com/logos/canales/oscuros/9_de_honduras-mediano.png
El Nu9ve,El Nu9ve,https://imagenes.gatotv.com/logos/canales/oscuros/9_de_mexico-mediano.png
9 de Panamá TVMax,9 de Panamá TVMax,https://imagenes.gatotv.com/logos/canales/oscuros/9_de_panama-mediano.png
9 Noticias Paraguay,9 Noticias Paraguay,https://imagenes.gatotv.com/logos/canales/oscuros/9_de_paraguay-mediano.png
TC Televisión,TC Televisión,https://imagenes.gatotv.com/logos/canales/oscuros/tc_television-mediano.png
11 de Costa Rica,11 de Costa Rica,https://imagenes.gatotv.com/logos/canales/oscuros/11_de_costa_rica-mediano.png
11 de Guatemala,11 de Guatemala,https://imagenes.gatotv.com/logos/canales/oscuros/11_de_guatemala-mediano.png
Canal Once,Canal Once,https://imagenes.gatotv.com/logos/canales/oscuros/once_tv_mexico-mediano.png
Telesistema 11 República Dominicana,Telesistema 11 República Dominicana,https://imagenes.gatotv.com/logos/canales/oscuros/telesistemas_11-mediano.png
12 de El Salvador,12 de El Salvador,https://imagenes.gatotv.com/logos/canales/oscuros/12_el_salvador-mediano.png
El Trece,El Trece,https://imagenes.gatotv.com/logos/canales/oscuros/13_de_argentina-mediano.png
13 de Chile,13 de Chile,https://imagenes.gatotv.com/logos/canales/oscuros/13_de_chile-mediano.png
13 de Colombia Trece,13 de Colombia Trece,https://imagenes.gatotv.com/logos/canales/oscuros/13_de_colombia-mediano.png
13 de Costa Rica,13 de Costa Rica,https://imagenes.gatotv.com/logos/canales/oscuros/13_de_costa_rica-mediano.png
13 de Guatemala,13 de Guatemala,https://imagenes.gatotv.com/logos/canales/oscuros/13_de_guatemala-mediano.png
13 de Nicaragua Viva Nicaragua,13 de Nicaragua Viva Nicaragua,https://imagenes.gatotv.com/logos/canales/oscuros/13_de_nicaragua-mediano.png
13 de Puerto Rico Teleoro,13 de Puerto Rico Teleoro,https://imagenes.gatotv.com/logos/canales/oscuros/13_de_puerto_rico-mediano.png
Telecentro 13 de República Dominicana,Telecentro 13 de República Dominicana,https://imagenes.gatotv.com/logos/canales/oscuros/13_de_republica_dominicana-mediano.png
Canal 14,Canal 14,https://imagenes.gatotv.com/logos/canales/oscuros/14_de_mexico-mediano.png
15 Digital Quince Telemicro República Dominicana,15 Digital Quince Telemicro República Dominicana,https://imagenes.gatotv.com/logos/canales/oscuros/15_republica_dominicana-mediano.png
Teleislas,Teleislas,https://imagenes.gatotv.com/logos/canales/oscuros/teleislas-mediano.png
21 de El Salvador Megavisión,21 de El Salvador Megavisión,https://imagenes.gatotv.com/logos/canales/oscuros/21_el_salvador-mediano.png
Canal 22,Canal 22,https://imagenes.gatotv.com/logos/canales/oscuros/22_de_mexico-mediano.png
TN23,TN23,https://imagenes.gatotv.com/logos/canales/oscuros/tn_23-mediano.png
Guatevisión,Guatevisión,https://imagenes.gatotv.com/logos/canales/oscuros/guatevision-mediano.png
29 de TeleUniverso República Dominicana,29 de TeleUniverso República Dominicana,https://imagenes.gatotv.com/logos/canales/oscuros/29_republica_dominicana-mediano.png
Azteca Guatemala,Azteca Guatemala,https://imagenes.gatotv.com/logos/canales/oscuros/azteca_guate-mediano.png
37 de República Dominicana CDN,37 de República Dominicana CDN,https://imagenes.gatotv.com/logos/canales/oscuros/37_de_republica_dominicana-mediano.png
ADN 40,ADN 40,https://imagenes.gatotv.com/logos/canales/oscuros/adn_40-mediano.png
Extra TV 42 de Costa Rica,Extra TV 42 de Costa Rica,https://imagenes.gatotv.com/logos/canales/oscuros/extra_tv-mediano.png
#Vamos,#Vamos,https://imagenes.gatotv.com/logos/canales/oscuros/m_vamos-mediano.png
Hola TV,Hola TV,https://imagenes.gatotv.com/logos/canales/oscuros/hola_tv-mediano.png
13 de Paraguay Trece,13 de Paraguay Trece,https://imagenes.gatotv.com/logos/canales/oscuros/13_de_paraguay-mediano.png
24 Horas Chile,24 Horas Chile,https://imagenes.gatotv.com/logos/canales/oscuros/24_horas_chile-mediano.png
24 Horas TVE,24 Horas TVE,https://imagenes.gatotv.com/logos/canales/oscuros/24_horas_tve-mediano.png
4 de Monterrey,4 de Monterrey,https://imagenes.gatotv.com/logos/canales/oscuros/4_de_monterrey-mediano.png
A&amp;E Chile,A&amp;E Chile,https://imagenes.gatotv.com/logos/canales/oscuros/a_y_e_latinoamerica-mediano.png
A&amp;E,A&amp;E,https://imagenes.gatotv.com/logos/canales/oscuros/a_y_e_latinoamerica-mediano.png
A&amp;E Panregional,A&amp;E Panregional,https://imagenes.gatotv.com/logos/canales/oscuros/a_y_e_latinoamerica-mediano.png
a+,a+,https://imagenes.gatotv.com/logos/canales/oscuros/a_mas-mediano.png
Adrenalina Sports Network,Adrenalina Sports Network,https://imagenes.gatotv.com/logos/canales/oscuros/adrenalina_sports_network-mediano.png
Agrotendencia TV,Agrotendencia TV,https://imagenes.gatotv.com/logos/canales/oscuros/agrotendencia_tv-mediano.png
AMC Colombia,AMC Colombia,https://imagenes.gatotv.com/logos/canales/oscuros/amc_latinoamerica-mediano.png
AMC España,AMC España,https://imagenes.gatotv.com/logos/canales/oscuros/amc_espana-mediano.png
AMC,AMC,https://imagenes.gatotv.com/logos/canales/oscuros/amc_latinoamerica-mediano.png
AMC Break,AMC Break,https://imagenes.gatotv.com/logos/canales/oscuros/amc_breack-mediano.png
AMC Crime,AMC Crime,https://imagenes.gatotv.com/logos/canales/oscuros/amc_crime-mediano.png
América Televisión Perú,América Televisión Perú,https://imagenes.gatotv.com/logos/canales/oscuros/america_television_peru-mediano.png
América TeVé,América TeVé,https://imagenes.gatotv.com/logos/canales/oscuros/america_teve-mediano.png
America TV Argentina,America TV Argentina,https://imagenes.gatotv.com/logos/canales/oscuros/america_tv_argentina-mediano.png
Animal Planet,Animal Planet,https://imagenes.gatotv.com/logos/canales/oscuros/animal_planet_latinoamerica-mediano.png
Animal Planet Panregional,Animal Planet Panregional,https://imagenes.gatotv.com/logos/canales/oscuros/animal_planet_latinoamerica-mediano.png
Animal Planet Sur,Animal Planet Sur,https://imagenes.gatotv.com/logos/canales/oscuros/animal_planet_latinoamerica-mediano.png
Antena 3,Antena 3,https://imagenes.gatotv.com/logos/canales/oscuros/antena_3-mediano.png
Antigua Guatemala,Antigua Guatemala,https://imagenes.gatotv.com/logos/canales/oscuros/antigua-mediano.png
Aprende,Aprende,https://imagenes.gatotv.com/logos/canales/oscuros/aprende_tv-mediano.png
Atreseries,Atreseries,https://imagenes.gatotv.com/logos/canales/oscuros/atreseries-mediano.png
Atreseries Internacional,Atreseries Internacional,https://imagenes.gatotv.com/logos/canales/oscuros/atreseries-mediano.png
ATV,ATV,https://imagenes.gatotv.com/logos/canales/oscuros/atv-mediano.png
AXN Andes,AXN Andes,https://imagenes.gatotv.com/logos/canales/oscuros/axn-mediano.png
AXN España,AXN España,https://imagenes.gatotv.com/logos/canales/oscuros/axn-mediano.png
AXN,AXN,https://imagenes.gatotv.com/logos/canales/oscuros/axn-mediano.png
AXN Sur,AXN Sur,https://imagenes.gatotv.com/logos/canales/oscuros/axn-mediano.png
AXN Venezuela,AXN Venezuela,https://imagenes.gatotv.com/logos/canales/oscuros/axn-mediano.png
AYM Sports,AYM Sports,https://imagenes.gatotv.com/logos/canales/oscuros/aym_sports-mediano.png
Baby TV,Baby TV,https://imagenes.gatotv.com/logos/canales/oscuros/baby_latinoamerica-mediano.png
BabyFirst TV,BabyFirst TV,https://imagenes.gatotv.com/logos/canales/oscuros/babyfirst_tv-mediano.png
Bandamax,Bandamax,https://imagenes.gatotv.com/logos/canales/oscuros/bandamax-mediano.png
Barça TV,Barça TV,https://imagenes.gatotv.com/logos/canales/oscuros/barca_tv-mediano.png
BBC World News,BBC World News,https://imagenes.gatotv.com/logos/canales/oscuros/bbc_world_news-mediano.png
Be Mad,Be Mad,https://imagenes.gatotv.com/logos/canales/oscuros/be_mad-mediano.png
beIN Sport en Español,beIN Sport en Español,https://imagenes.gatotv.com/logos/canales/oscuros/being_sports_en_espanol-mediano.png
BET Jams,BET Jams,https://imagenes.gatotv.com/logos/canales/oscuros/bet_jams-mediano.png
BitMe,BitMe,https://imagenes.gatotv.com/logos/canales/oscuros/bitme-mediano.png
Bloomberg,Bloomberg,https://imagenes.gatotv.com/logos/canales/oscuros/bloomberg-mediano.png
Cablenoticias,Cablenoticias,https://imagenes.gatotv.com/logos/canales/oscuros/cablenoticias-mediano.png
Calle 13,Calle 13,https://imagenes.gatotv.com/logos/canales/oscuros/calle_13-mediano.png
Capital Colombia,Capital Colombia,https://imagenes.gatotv.com/logos/canales/oscuros/capital_colombia-mediano.png
Caracol TV,Caracol TV,https://imagenes.gatotv.com/logos/canales/oscuros/caracol_colombia-mediano.png
Caracol Internacional,Caracol Internacional,https://imagenes.gatotv.com/logos/canales/oscuros/caracol_colombia-mediano.png
Cartoon Network Atlántico Norte,Cartoon Network Atlántico Norte,https://imagenes.gatotv.com/logos/canales/oscuros/cartoon_network_latinoamerica-mediano.png
Cartoon Network Atlántico Sur,Cartoon Network Atlántico Sur,https://imagenes.gatotv.com/logos/canales/oscuros/cartoon_network_latinoamerica-mediano.png
Cartoon Network,Cartoon Network,https://imagenes.gatotv.com/logos/canales/oscuros/cartoon_network_latinoamerica-mediano.png
Cartoon Network Pacífico,Cartoon Network Pacífico,https://imagenes.gatotv.com/logos/canales/oscuros/cartoon_network_latinoamerica-mediano.png
Cartoonito,Cartoonito,https://imagenes.gatotv.com/logos/canales/oscuros/cartoonito-mediano.png
Cartoonito Panregional,Cartoonito Panregional,https://imagenes.gatotv.com/logos/canales/oscuros/cartoonito-mediano.png
Cartoonito Sur,Cartoonito Sur,https://imagenes.gatotv.com/logos/canales/oscuros/cartoonito-mediano.png
Castilla-La Mancha Media,Castilla-La Mancha Media,https://imagenes.gatotv.com/logos/canales/oscuros/castilla_la_mancha_media-mediano.png
CDN Deportes,CDN Deportes,https://imagenes.gatotv.com/logos/canales/oscuros/cdn_deportes-mediano.png
Chilevisión CHV,Chilevisión CHV,https://imagenes.gatotv.com/logos/canales/oscuros/chilevision-mediano.png
Cine Estelar,Cine Estelar,https://imagenes.gatotv.com/logos/canales/oscuros/cine_estelar-mediano.png
Cine Mexicano,Cine Mexicano,https://imagenes.gatotv.com/logos/canales/oscuros/cine_mexicano-mediano.png
Cine Nostalgia,Cine Nostalgia,https://imagenes.gatotv.com/logos/canales/oscuros/cine_nostalgia-mediano.png
Cine Sony,Cine Sony,https://imagenes.gatotv.com/logos/canales/oscuros/cine_sony-mediano.png
Cinecanal,Cinecanal,https://imagenes.gatotv.com/logos/canales/oscuros/cinecanal-mediano.png
Cinecanal Pacífico,Cinecanal Pacífico,https://imagenes.gatotv.com/logos/canales/oscuros/cinecanal-mediano.png
Cinecanal Sur,Cinecanal Sur,https://imagenes.gatotv.com/logos/canales/oscuros/cinecanal-mediano.png
CineClick,CineClick,https://imagenes.gatotv.com/logos/canales/oscuros/cineclick-mediano.png
Cinelatino,Cinelatino,https://imagenes.gatotv.com/logos/canales/oscuros/cinelatino-mediano.png
Cinelatino U.S.A.,Cinelatino U.S.A.,https://imagenes.gatotv.com/logos/canales/oscuros/cinelatino-mediano.png
Cinema,Cinema,https://imagenes.gatotv.com/logos/canales/oscuros/cinema-mediano.png
Cinema +,Cinema +,https://imagenes.gatotv.com/logos/canales/oscuros/cinema_mas-mediano.png
Cinema Platino,Cinema Platino,https://imagenes.gatotv.com/logos/canales/oscuros/cinema_platino-mediano.png
Cinemax Chile,Cinemax Chile,https://imagenes.gatotv.com/logos/canales/oscuros/cinemax_latinoamerica-mediano.png
Cinemax,Cinemax,https://imagenes.gatotv.com/logos/canales/oscuros/cinemax_latinoamerica-mediano.png
Cinemax Panregional,Cinemax Panregional,https://imagenes.gatotv.com/logos/canales/oscuros/cinemax_latinoamerica-mediano.png
City TV,City TV,https://imagenes.gatotv.com/logos/canales/oscuros/city_tv-mediano.png
Clan TVE,Clan TVE,https://imagenes.gatotv.com/logos/canales/oscuros/clan_tve-mediano.png
Claro TV,Claro TV,https://imagenes.gatotv.com/logos/canales/oscuros/claro_tv-mediano.png
Clic,Clic,https://imagenes.gatotv.com/logos/canales/oscuros/clic-mediano.png
CNN Chile,CNN Chile,https://imagenes.gatotv.com/logos/canales/oscuros/cnn_chile-mediano.png
CNN en Español,CNN en Español,https://imagenes.gatotv.com/logos/canales/oscuros/cnn_en_espanol-mediano.png
CNN Internacional,CNN Internacional,https://imagenes.gatotv.com/logos/canales/oscuros/cnn_internacional-mediano.png
Cocina,Cocina,https://imagenes.gatotv.com/logos/canales/oscuros/canal_cocina-mediano.png
Comedy Central Centro,Comedy Central Centro,https://imagenes.gatotv.com/logos/canales/oscuros/comedy_central_latinoamerica-mediano.png
Comedy Central España,Comedy Central España,https://imagenes.gatotv.com/logos/canales/oscuros/comedy_central_espana-mediano.png
Comedy Central,Comedy Central,https://imagenes.gatotv.com/logos/canales/oscuros/comedy_central_latinoamerica-mediano.png
Concert Channel,Concert Channel,https://imagenes.gatotv.com/logos/canales/oscuros/concert_channel-mediano.png
Congreso Colombia,Congreso Colombia,https://imagenes.gatotv.com/logos/canales/oscuros/congreso_colombia-mediano.png
Cosmopolitan,Cosmopolitan,https://imagenes.gatotv.com/logos/canales/oscuros/cosmopolitan_espana-mediano.png
Canal De Las Estrellas -1 Hora,Canal De Las Estrellas -1 Hora,https://imagenes.gatotv.com/logos/canales/oscuros/de_las_estrellas-mediano.png
Canal De Las Estrellas -2 Hora,Canal De Las Estrellas -2 Hora,https://imagenes.gatotv.com/logos/canales/oscuros/de_las_estrellas-mediano.png
De Película,De Película,https://imagenes.gatotv.com/logos/canales/oscuros/de_pelicula-mediano.png
De Película Clásico,De Película Clásico,https://imagenes.gatotv.com/logos/canales/oscuros/de_pelicula_clasico-mediano.png
Decasa,Decasa,https://imagenes.gatotv.com/logos/canales/oscuros/decasa-mediano.png
Deutsche Welle,Deutsche Welle,https://imagenes.gatotv.com/logos/canales/oscuros/deutsche_welle-mediano.png
DHE,DHE,https://imagenes.gatotv.com/logos/canales/oscuros/dhe-mediano.png
Discovery Channel Chile,Discovery Channel Chile,https://imagenes.gatotv.com/logos/canales/oscuros/discovery_channel-mediano.png
Discovery Channel España,Discovery Channel España,https://imagenes.gatotv.com/logos/canales/oscuros/discovery_channel-mediano.png
Discovery Channel,Discovery Channel,https://imagenes.gatotv.com/logos/canales/oscuros/discovery_channel-mediano.png
Discovery en Español,Discovery en Español,https://imagenes.gatotv.com/logos/canales/oscuros/discovery_channel-mediano.png
Discovery Familia,Discovery Familia,https://imagenes.gatotv.com/logos/canales/oscuros/discovery_familia-mediano.png
Discovery Home &amp; Health Colombia,Discovery Home &amp; Health Colombia,https://imagenes.gatotv.com/logos/canales/oscuros/discovery_home_and_health_latinoamerica-mediano.png
Discovery Home &amp; Health,Discovery Home &amp; Health,https://imagenes.gatotv.com/logos/canales/oscuros/discovery_home_and_health_latinoamerica-mediano.png
Discovery Kids Chile,Discovery Kids Chile,https://imagenes.gatotv.com/logos/canales/oscuros/discovery_kids-mediano.png
Discovery Kids Latinoamerica,Discovery Kids Latinoamerica,https://imagenes.gatotv.com/logos/canales/oscuros/discovery_kids-mediano.png
Discovery Kids,Discovery Kids,https://imagenes.gatotv.com/logos/canales/oscuros/discovery_kids-mediano.png
Discovery Science,Discovery Science,https://imagenes.gatotv.com/logos/canales/oscuros/discovery_science-mediano.png
Discovery Theater,Discovery Theater,https://imagenes.gatotv.com/logos/canales/oscuros/discovery_theater-mediano.png
Discovery Turbo,Discovery Turbo,https://imagenes.gatotv.com/logos/canales/oscuros/discovery_turbo-mediano.png
Discovery World,Discovery World,https://imagenes.gatotv.com/logos/canales/oscuros/discovery_world-mediano.png
Disney Channel Centro,Disney Channel Centro,https://imagenes.gatotv.com/logos/canales/oscuros/disney_channel-mediano.png
Disney Channel,Disney Channel,https://imagenes.gatotv.com/logos/canales/oscuros/disney_channel-mediano.png
Disney Channel Sur,Disney Channel Sur,https://imagenes.gatotv.com/logos/canales/oscuros/disney_channel-mediano.png
Disney Junior España,Disney Junior España,https://imagenes.gatotv.com/logos/canales/oscuros/disney_junior-mediano.png
Disney Junior Norte,Disney Junior Norte,https://imagenes.gatotv.com/logos/canales/oscuros/disney_junior-mediano.png
Disney Junior Sur,Disney Junior Sur,https://imagenes.gatotv.com/logos/canales/oscuros/disney_junior-mediano.png
Distrito Comedia,Distrito Comedia,https://imagenes.gatotv.com/logos/canales/oscuros/distrito_comedia-mediano.png
Divinity,Divinity,https://imagenes.gatotv.com/logos/canales/oscuros/divinity-mediano.png
DW,DW,https://imagenes.gatotv.com/logos/canales/oscuros/deutsche_welle-mediano.png
E! Entertainment Television,E! Entertainment Television,https://imagenes.gatotv.com/logos/canales/oscuros/e_-mediano.png
E! Entertainment Television Panregional,E! Entertainment Television Panregional,https://imagenes.gatotv.com/logos/canales/oscuros/e_-mediano.png
Ecuador TV,Ecuador TV,https://imagenes.gatotv.com/logos/canales/oscuros/ecuador_tv-mediano.png
Ecuavisa Ecuador,Ecuavisa Ecuador,https://imagenes.gatotv.com/logos/canales/oscuros/ecuavisa-mediano.png
Ecuavisa Internacional,Ecuavisa Internacional,https://imagenes.gatotv.com/logos/canales/oscuros/ecuavisa-mediano.png
Efekto TV Efekto Noticias,Efekto TV Efekto Noticias,https://imagenes.gatotv.com/logos/canales/oscuros/efekto_tv-mediano.png
El Financiero TV,El Financiero TV,https://imagenes.gatotv.com/logos/canales/oscuros/el_financiero_tv-mediano.png
El Heraldo TV,El Heraldo TV,https://imagenes.gatotv.com/logos/canales/oscuros/heraldo_tv-mediano.png
Elgourmet,Elgourmet,https://imagenes.gatotv.com/logos/canales/oscuros/elgourmet-mediano.png
Energy,Energy,https://imagenes.gatotv.com/logos/canales/oscuros/energy-mediano.png
Enlace TBN,Enlace TBN,https://imagenes.gatotv.com/logos/canales/oscuros/enlace-mediano.png
ESNE TV,ESNE TV,https://imagenes.gatotv.com/logos/canales/oscuros/esne_tv-mediano.png
ESPN CHILE2,ESPN CHILE2,https://imagenes.gatotv.com/logos/canales/oscuros/espn_norte-mediano.png
ESPN Colombia,ESPN Colombia,https://imagenes.gatotv.com/logos/canales/oscuros/espn_norte-mediano.png
ESPN,ESPN,https://imagenes.gatotv.com/logos/canales/oscuros/espn_norte-mediano.png
ESPN Norte,ESPN Norte,https://imagenes.gatotv.com/logos/canales/oscuros/espn_norte-mediano.png
ESPN Sur,ESPN Sur,https://imagenes.gatotv.com/logos/canales/oscuros/espn_norte-mediano.png
ESPN 2 Colombia,ESPN 2 Colombia,https://imagenes.gatotv.com/logos/canales/oscuros/espn_2_norte-mediano.png
ESPN 2 Norte,ESPN 2 Norte,https://imagenes.gatotv.com/logos/canales/oscuros/espn_2_norte-mediano.png
ESPN 2 Sur,ESPN 2 Sur,https://imagenes.gatotv.com/logos/canales/oscuros/espn_2_norte-mediano.png
ESPN 2 Venezuela,ESPN 2 Venezuela,https://imagenes.gatotv.com/logos/canales/oscuros/espn_2_norte-mediano.png
ESPN 2,ESPN 2,https://imagenes.gatotv.com/logos/canales/oscuros/espn_2_norte-mediano.png
ESPN 3,ESPN 3,https://imagenes.gatotv.com/logos/canales/oscuros/espn_3_norte-mediano.png
ESPN 3 Sur,ESPN 3 Sur,https://imagenes.gatotv.com/logos/canales/oscuros/espn_3_norte-mediano.png
ESPN 4 Centroamérica y Caribe,ESPN 4 Centroamérica y Caribe,https://imagenes.gatotv.com/logos/canales/oscuros/espn_4-mediano.png
ESPN 4,ESPN 4,https://imagenes.gatotv.com/logos/canales/oscuros/espn_4-mediano.png
ESPN 4 Norte,ESPN 4 Norte,https://imagenes.gatotv.com/logos/canales/oscuros/espn_4-mediano.png
ESPN 4 Sur,ESPN 4 Sur,https://imagenes.gatotv.com/logos/canales/oscuros/espn_4-mediano.png
ESPN 5,ESPN 5,https://imagenes.gatotv.com/logos/canales/oscuros/espn_5-mediano.png
ESPN 5 Sudamérica,ESPN 5 Sudamérica,https://imagenes.gatotv.com/logos/canales/oscuros/espn_5-mediano.png
ESPN 6,ESPN 6,https://imagenes.gatotv.com/logos/canales/oscuros/espn_6-mediano.png
ESPN 6 Sudamérica,ESPN 6 Sudamérica,https://imagenes.gatotv.com/logos/canales/oscuros/espn_6-mediano.png
ESPN 7 Bolivia,ESPN 7 Bolivia,https://imagenes.gatotv.com/logos/canales/oscuros/espn_7-mediano.png
ESPN 7 CHILE2,ESPN 7 CHILE2,https://imagenes.gatotv.com/logos/canales/oscuros/espn_7-mediano.png
ESPN 7 Colombia,ESPN 7 Colombia,https://imagenes.gatotv.com/logos/canales/oscuros/espn_7-mediano.png
ESPN 7 Ecuador,ESPN 7 Ecuador,https://imagenes.gatotv.com/logos/canales/oscuros/espn_7-mediano.png
ESPN 7 Paraguay,ESPN 7 Paraguay,https://imagenes.gatotv.com/logos/canales/oscuros/espn_7-mediano.png
ESPN 7 Perú,ESPN 7 Perú,https://imagenes.gatotv.com/logos/canales/oscuros/espn_7-mediano.png
ESPN 7,ESPN 7,https://imagenes.gatotv.com/logos/canales/oscuros/espn_7-mediano.png
ESPN 7 Uruguay,ESPN 7 Uruguay,https://imagenes.gatotv.com/logos/canales/oscuros/espn_7-mediano.png
ESPN 7 Venezuela,ESPN 7 Venezuela,https://imagenes.gatotv.com/logos/canales/oscuros/espn_7-mediano.png
ESPN Deportes,ESPN Deportes,https://imagenes.gatotv.com/logos/canales/oscuros/espn_deportes-mediano.png
ESPN Premium,ESPN Premium,https://imagenes.gatotv.com/logos/canales/oscuros/espn_premium-mediano.png
Estrella TV,Estrella TV,https://imagenes.gatotv.com/logos/canales/oscuros/estrella_tv-mediano.png
ETB 1,ETB 1,https://imagenes.gatotv.com/logos/canales/oscuros/etb_1-mediano.png
ETB 2,ETB 2,https://imagenes.gatotv.com/logos/canales/oscuros/etb_2-mediano.png
Eurochannel,Eurochannel,https://imagenes.gatotv.com/logos/canales/oscuros/eurochannel-mediano.png
Euronews,Euronews,https://imagenes.gatotv.com/logos/canales/oscuros/euronews-mediano.png
Europa Europa,Europa Europa,https://imagenes.gatotv.com/logos/canales/oscuros/europa_europa-mediano.png
eurosport 1,eurosport 1,https://imagenes.gatotv.com/logos/canales/oscuros/eurosport_1-mediano.png
eurosport 2,eurosport 2,https://imagenes.gatotv.com/logos/canales/oscuros/eurosport_2-mediano.png
EWTN en Español,EWTN en Español,https://imagenes.gatotv.com/logos/canales/oscuros/ewtn_en_espanol-mediano.png
Exa TV,Exa TV,https://imagenes.gatotv.com/logos/canales/oscuros/exa_tv-mediano.png
Excelsior TV,Excelsior TV,https://imagenes.gatotv.com/logos/canales/oscuros/excelsior_tv-mediano.png
Film &amp; Arts,Film &amp; Arts,https://imagenes.gatotv.com/logos/canales/oscuros/film_and_arts-mediano.png
Foro TV,Foro TV,https://imagenes.gatotv.com/logos/canales/oscuros/foro_tv-mediano.png
Fox Deportes,Fox Deportes,https://imagenes.gatotv.com/logos/canales/oscuros/fox_deportes-mediano.png
Fox News,Fox News,https://imagenes.gatotv.com/logos/canales/oscuros/fox_news-mediano.png
Fox Sports Cono Norte,Fox Sports Cono Norte,https://imagenes.gatotv.com/logos/canales/oscuros/fox_sports-mediano.png
Fox Sports,Fox Sports,https://imagenes.gatotv.com/logos/canales/oscuros/fox_sports-mediano.png
Fox Sports 2,Fox Sports 2,https://imagenes.gatotv.com/logos/canales/oscuros/fox_sports_2-mediano.png
Fox Sports 3,Fox Sports 3,https://imagenes.gatotv.com/logos/canales/oscuros/fox_sports_3-mediano.png
Frecuencia Latina,Frecuencia Latina,https://imagenes.gatotv.com/logos/canales/oscuros/frecuencia_latina-mediano.png
FUTV,FUTV,https://imagenes.gatotv.com/logos/canales/oscuros/fut_tv-mediano.png
FX Centro,FX Centro,https://imagenes.gatotv.com/logos/canales/oscuros/fx-mediano.png
FX Chile,FX Chile,https://imagenes.gatotv.com/logos/canales/oscuros/fx-mediano.png
FX,FX,https://imagenes.gatotv.com/logos/canales/oscuros/fx-mediano.png
Gamavisión,Gamavisión,https://imagenes.gatotv.com/logos/canales/oscuros/gamavision-mediano.png
Gol Play,Gol Play,https://imagenes.gatotv.com/logos/canales/oscuros/gol_play_espana-mediano.png
Gol TV,Gol TV,https://imagenes.gatotv.com/logos/canales/oscuros/gol_tv_estados_unidos-mediano.png
Golden,Golden,https://imagenes.gatotv.com/logos/canales/oscuros/golden-mediano.png
Golden Panregional,Golden Panregional,https://imagenes.gatotv.com/logos/canales/oscuros/golden-mediano.png
Golden Edge,Golden Edge,https://imagenes.gatotv.com/logos/canales/oscuros/golden_edge-mediano.png
Golden Multiplex,Golden Multiplex,https://imagenes.gatotv.com/logos/canales/oscuros/golden-mediano.png
Golden Plus,Golden Plus,https://imagenes.gatotv.com/logos/canales/oscuros/golden_plus-mediano.png
Golden Premier,Golden Premier,https://imagenes.gatotv.com/logos/canales/oscuros/golden_premier-mediano.png
Golden Premier 2,Golden Premier 2,https://imagenes.gatotv.com/logos/canales/oscuros/golden_premier-mediano.png
Golf Channel,Golf Channel,https://imagenes.gatotv.com/logos/canales/oscuros/golf_channel-mediano.png
GolTV,GolTV,https://imagenes.gatotv.com/logos/canales/oscuros/gol_tv_estados_unidos-mediano.png
HBO Chile,HBO Chile,https://imagenes.gatotv.com/logos/canales/oscuros/hbo_latinoamerica-mediano.png
HBO,HBO,https://imagenes.gatotv.com/logos/canales/oscuros/hbo_latinoamerica-mediano.png
HBO 2,HBO 2,https://imagenes.gatotv.com/logos/canales/oscuros/hbo_2_latinoamerica-mediano.png
HBO Family,HBO Family,https://imagenes.gatotv.com/logos/canales/oscuros/hbo_family-mediano.png
HBO Latino Este,HBO Latino Este,https://imagenes.gatotv.com/logos/canales/oscuros/hbo_latinoamerica-mediano.png
HBO Mundi,HBO Mundi,https://imagenes.gatotv.com/logos/canales/oscuros/hbo_mundi-mediano.png
HBO Plus,HBO Plus,https://imagenes.gatotv.com/logos/canales/oscuros/hbo_plus-mediano.png
HBO Pop,HBO Pop,https://imagenes.gatotv.com/logos/canales/oscuros/hbo_pop-mediano.png
HBO Signature,HBO Signature,https://imagenes.gatotv.com/logos/canales/oscuros/hbo_signature-mediano.png
HBO Xtreme,HBO Xtreme,https://imagenes.gatotv.com/logos/canales/oscuros/hbo_xtreme-mediano.png
Historia España,Historia España,https://imagenes.gatotv.com/logos/canales/oscuros/historia_espana-mediano.png
History Chile,History Chile,https://imagenes.gatotv.com/logos/canales/oscuros/history_latinoamerica-mediano.png
History,History,https://imagenes.gatotv.com/logos/canales/oscuros/history_latinoamerica-mediano.png
History Panregional,History Panregional,https://imagenes.gatotv.com/logos/canales/oscuros/history_latinoamerica-mediano.png
History 2,History 2,https://imagenes.gatotv.com/logos/canales/oscuros/history_2-mediano.png
History 2 Panregional,History 2 Panregional,https://imagenes.gatotv.com/logos/canales/oscuros/history_2-mediano.png
History en Español,History en Español,https://imagenes.gatotv.com/logos/canales/oscuros/history_en_espanol-mediano.png
HITN,HITN,https://imagenes.gatotv.com/logos/canales/oscuros/hitn-mediano.png
HLN,HLN,https://imagenes.gatotv.com/logos/canales/oscuros/hln-mediano.png
Hollywood España,Hollywood España,https://imagenes.gatotv.com/logos/canales/oscuros/hollywood_espana-mediano.png
HTV,HTV,https://imagenes.gatotv.com/logos/canales/oscuros/htv-mediano.png
Iberalia TV,Iberalia TV,https://imagenes.gatotv.com/logos/canales/oscuros/iberalia_tv-mediano.png
Ingenio TV,Ingenio TV,https://imagenes.gatotv.com/logos/canales/oscuros/ingenio_tv-mediano.png
Institucional Colombia,Institucional Colombia,https://imagenes.gatotv.com/logos/canales/oscuros/institucional_colombia-mediano.png
Inti Network,Inti Network,https://imagenes.gatotv.com/logos/canales/oscuros/inti_network-mediano.png
Investigation Discovery,Investigation Discovery,https://imagenes.gatotv.com/logos/canales/oscuros/investigation_discovery_latinoamerica-mediano.png
Investigation Discovery Panregional,Investigation Discovery Panregional,https://imagenes.gatotv.com/logos/canales/oscuros/investigation_discovery_latinoamerica-mediano.png
Justicia TV,Justicia TV,https://imagenes.gatotv.com/logos/canales/oscuros/justicia_tv-mediano.png
La Red Chile,La Red Chile,https://imagenes.gatotv.com/logos/canales/oscuros/la_red_chile-mediano.png
La Red TV Guatemala,La Red TV Guatemala,https://imagenes.gatotv.com/logos/canales/oscuros/la_red_tv_guatemala-mediano.png
La Tele Paraguay,La Tele Paraguay,https://imagenes.gatotv.com/logos/canales/oscuros/la_tele_paraguay-mediano.png
laOtra,laOtra,https://imagenes.gatotv.com/logos/canales/oscuros/laotra-mediano.png
Las Estrellas,Las Estrellas,https://imagenes.gatotv.com/logos/canales/oscuros/de_las_estrellas-mediano.png
Lifetime,Lifetime,https://imagenes.gatotv.com/logos/canales/oscuros/lifetime_latinoamerica-mediano.png
Lifetime Panregional,Lifetime Panregional,https://imagenes.gatotv.com/logos/canales/oscuros/lifetime_latinoamerica-mediano.png
M+ Acción,M+ Acción,https://imagenes.gatotv.com/logos/canales/oscuros/accion_por_movistar_plus-mediano.png
María Visión,María Visión,https://imagenes.gatotv.com/logos/canales/oscuros/maria_vision-mediano.png
Más Chic,Más Chic,https://imagenes.gatotv.com/logos/canales/oscuros/mas_chic-mediano.png
MC,MC,https://imagenes.gatotv.com/logos/canales/oscuros/mc-mediano.png
Mega,Mega,https://imagenes.gatotv.com/logos/canales/oscuros/mega_chile-mediano.png
Mega España,Mega España,https://imagenes.gatotv.com/logos/canales/oscuros/mega_espana-mediano.png
Meganoticias MX,Meganoticias MX,https://imagenes.gatotv.com/logos/canales/oscuros/meganoticias_mx-mediano.png
Mexiquense TV,Mexiquense TV,https://imagenes.gatotv.com/logos/canales/oscuros/mexiquense_tv-mediano.png
Milenio TV,Milenio TV,https://imagenes.gatotv.com/logos/canales/oscuros/milenio_tv-mediano.png
Movistar Comedia,Movistar Comedia,https://imagenes.gatotv.com/logos/canales/oscuros/m_comedia-mediano.png
Movistar LaLiga,Movistar LaLiga,https://imagenes.gatotv.com/logos/canales/oscuros/m_laliga-mediano.png
MTV Centro,MTV Centro,https://imagenes.gatotv.com/logos/canales/oscuros/mtv-mediano.png
MTV España,MTV España,https://imagenes.gatotv.com/logos/canales/oscuros/mtv-mediano.png
MTV,MTV,https://imagenes.gatotv.com/logos/canales/oscuros/mtv-mediano.png
MTV Sur,MTV Sur,https://imagenes.gatotv.com/logos/canales/oscuros/mtv-mediano.png
MTV 00s,MTV 00s,https://imagenes.gatotv.com/logos/canales/oscuros/mtv_00s-mediano.png
MTV 80s,MTV 80s,https://imagenes.gatotv.com/logos/canales/oscuros/mtv_80s-mediano.png
MTV Hits,MTV Hits,https://imagenes.gatotv.com/logos/canales/oscuros/mtv_hits-mediano.png
MTV Live HD,MTV Live HD,https://imagenes.gatotv.com/logos/canales/oscuros/mtv_live_hd-mediano.png
Multimedios Costa Rica,Multimedios Costa Rica,https://imagenes.gatotv.com/logos/canales/oscuros/multimedios_costa_rica-mediano.png
Multimedios Plus,Multimedios Plus,https://imagenes.gatotv.com/logos/canales/oscuros/multimedios_plus-mediano.png
National Geographic Centro,National Geographic Centro,https://imagenes.gatotv.com/logos/canales/oscuros/national_geographic_latinoamerica-mediano.png
National Geographic España,National Geographic España,https://imagenes.gatotv.com/logos/canales/oscuros/national_geographic_latinoamerica-mediano.png
National Geographic,National Geographic,https://imagenes.gatotv.com/logos/canales/oscuros/national_geographic_latinoamerica-mediano.png
Neox,Neox,https://imagenes.gatotv.com/logos/canales/oscuros/neox-mediano.png
NFL Network,NFL Network,https://imagenes.gatotv.com/logos/canales/oscuros/nfl_network-mediano.png
NHK World,NHK World,https://imagenes.gatotv.com/logos/canales/oscuros/nhk_world-mediano.png
Nick Jr. España,Nick Jr. España,https://imagenes.gatotv.com/logos/canales/oscuros/nick_jr-mediano.png
Nick Jr,Nick Jr,https://imagenes.gatotv.com/logos/canales/oscuros/nick_jr-mediano.png
Nickelodeon Centro,Nickelodeon Centro,https://imagenes.gatotv.com/logos/canales/oscuros/nickelodeon-mediano.png
Nickelodeon España,Nickelodeon España,https://imagenes.gatotv.com/logos/canales/oscuros/nickelodeon-mediano.png
Nickelodeon,Nickelodeon,https://imagenes.gatotv.com/logos/canales/oscuros/nickelodeon-mediano.png
Nick Music,Nick Music,https://imagenes.gatotv.com/logos/canales/oscuros/nick_music-mediano.png
Noticias PY Paraguay,Noticias PY Paraguay,https://imagenes.gatotv.com/logos/canales/oscuros/noticias_py-mediano.png
Nova,Nova,https://imagenes.gatotv.com/logos/canales/oscuros/nova-mediano.png
NTN24 Nuestra Tele Noticias 24 Horas,NTN24 Nuestra Tele Noticias 24 Horas,https://imagenes.gatotv.com/logos/canales/oscuros/ntn24-mediano.png
Odisea,Odisea,https://imagenes.gatotv.com/logos/canales/oscuros/odisea-mediano.png
Pakapaka,Pakapaka,https://imagenes.gatotv.com/logos/canales/oscuros/paka_paka-mediano.png
Panamericana,Panamericana,https://imagenes.gatotv.com/logos/canales/oscuros/panamerikan_television-mediano.png
Pánico,Pánico,https://imagenes.gatotv.com/logos/canales/oscuros/panico-mediano.png
Paraguay TV,Paraguay TV,https://imagenes.gatotv.com/logos/canales/oscuros/paraguay_tv-mediano.png
Paramount Channel,Paramount Channel,https://imagenes.gatotv.com/logos/canales/oscuros/paramount_channel-mediano.png
Paramount,Paramount,https://imagenes.gatotv.com/logos/canales/oscuros/paramount_channel-mediano.png
Paravisión,Paravisión,https://imagenes.gatotv.com/logos/canales/oscuros/paravision-mediano.png
Pasiones Estados Unidos,Pasiones Estados Unidos,https://imagenes.gatotv.com/logos/canales/oscuros/pasiones-mediano.png
Pasiones,Pasiones,https://imagenes.gatotv.com/logos/canales/oscuros/pasiones-mediano.png
Perú Mágico,Perú Mágico,https://imagenes.gatotv.com/logos/canales/oscuros/peru_magico-mediano.png
Punto 2 Puerto Rico,Punto 2 Puerto Rico,https://imagenes.gatotv.com/logos/canales/oscuros/punto_2_puerto_rico-mediano.png
PX Sports,PX Sports,https://imagenes.gatotv.com/logos/canales/oscuros/px_sports-mediano.png
RAI International,RAI International,https://imagenes.gatotv.com/logos/canales/oscuros/rai_italia_international-mediano.png
RCN,RCN,https://imagenes.gatotv.com/logos/canales/oscuros/rcn_nuestra_tele-mediano.png
RCN Novelas,RCN Novelas,https://imagenes.gatotv.com/logos/canales/oscuros/rcn_novelas-mediano.png
RCN Nuestra Tele Internacional,RCN Nuestra Tele Internacional,https://imagenes.gatotv.com/logos/canales/oscuros/rcn_nuestra_tele-mediano.png
Real Madrid TV,Real Madrid TV,https://imagenes.gatotv.com/logos/canales/oscuros/real_madrid_tv-mediano.png
Región+,Región+,https://imagenes.gatotv.com/logos/canales/oscuros/region_mas-mediano.png
Semillitas,Semillitas,https://imagenes.gatotv.com/logos/canales/oscuros/semillitas-mediano.png
Señal Colombia,Señal Colombia,https://imagenes.gatotv.com/logos/canales/oscuros/senal_colombia-mediano.png
Sky One,Sky One,https://imagenes.gatotv.com/logos/canales/oscuros/sky_one_mexico-mediano.png
Sky Sports 1,Sky Sports 1,https://imagenes.gatotv.com/logos/canales/oscuros/sky_sports_1_mexico-mediano.png
Sky Sports 16,Sky Sports 16,https://imagenes.gatotv.com/logos/canales/oscuros/sky_sports_16-mediano.png
Sky Sports 24,Sky Sports 24,https://imagenes.gatotv.com/logos/canales/oscuros/sky_sports_24-mediano.png
SNT Paraguay,SNT Paraguay,https://imagenes.gatotv.com/logos/canales/oscuros/snt_paraguay-mediano.png
Sony Chile,Sony Chile,https://imagenes.gatotv.com/logos/canales/oscuros/sony_channel-mediano.png
Sony,Sony,https://imagenes.gatotv.com/logos/canales/oscuros/sony_channel-mediano.png
Sony Centro,Sony Centro,https://imagenes.gatotv.com/logos/canales/oscuros/sony_channel-mediano.png
Sorpresa,Sorpresa,https://imagenes.gatotv.com/logos/canales/oscuros/sorpresa-mediano.png
Space Chile,Space Chile,https://imagenes.gatotv.com/logos/canales/oscuros/space-mediano.png
Space,Space,https://imagenes.gatotv.com/logos/canales/oscuros/space-mediano.png
Space Panregional,Space Panregional,https://imagenes.gatotv.com/logos/canales/oscuros/space-mediano.png
Space Sur,Space Sur,https://imagenes.gatotv.com/logos/canales/oscuros/space-mediano.png
Star Channel Argentina,Star Channel Argentina,https://imagenes.gatotv.com/logos/canales/oscuros/star_channel-mediano.png
Star Channel Centro,Star Channel Centro,https://imagenes.gatotv.com/logos/canales/oscuros/star_channel-mediano.png
Star Channel,Star Channel,https://imagenes.gatotv.com/logos/canales/oscuros/star_channel-mediano.png
Star TVE,Star TVE,https://imagenes.gatotv.com/logos/canales/oscuros/star_tve_hd-mediano.png
Starz Encore Español,Starz Encore Español,https://imagenes.gatotv.com/logos/canales/oscuros/starz_encore_espanol-mediano.png
Studio Universal,Studio Universal,https://imagenes.gatotv.com/logos/canales/oscuros/studio_universal-mediano.png
Studio Universal Panregional,Studio Universal Panregional,https://imagenes.gatotv.com/logos/canales/oscuros/studio_universal-mediano.png
Sun Channel,Sun Channel,https://imagenes.gatotv.com/logos/canales/oscuros/sun_channel-mediano.png
Sundance TV,Sundance TV,https://imagenes.gatotv.com/logos/canales/oscuros/sundance_tv_espana-mediano.png
Sur,Sur,https://imagenes.gatotv.com/logos/canales/oscuros/sur-mediano.png
Sur Andalucía,Sur Andalucía,https://imagenes.gatotv.com/logos/canales/oscuros/sur_andalucia-mediano.png
Sur TV Itapúa Paraguay,Sur TV Itapúa Paraguay,https://imagenes.gatotv.com/logos/canales/oscuros/sur_tv_itapua_paraguay-mediano.png
Syfy,Syfy,https://imagenes.gatotv.com/logos/canales/oscuros/syfy-mediano.png
TCM España,TCM España,https://imagenes.gatotv.com/logos/canales/oscuros/tcm_espana-mediano.png
TCM,TCM,https://imagenes.gatotv.com/logos/canales/oscuros/tcm-mediano.png
TeenNick,TeenNick,https://imagenes.gatotv.com/logos/canales/oscuros/teen_nick-mediano.png
Teleamazonas,Teleamazonas,https://imagenes.gatotv.com/logos/canales/oscuros/teleamazonas-mediano.png
Teleantioquia,Teleantioquia,https://imagenes.gatotv.com/logos/canales/oscuros/teleantioquia-mediano.png
Telecafé,Telecafé,https://imagenes.gatotv.com/logos/canales/oscuros/telecafe-mediano.png
Telecaribe,Telecaribe,https://imagenes.gatotv.com/logos/canales/oscuros/telecaribe-mediano.png
Telecentro TV,Telecentro TV,https://imagenes.gatotv.com/logos/canales/oscuros/telecentro_tv-mediano.png
Teledeporte,Teledeporte,https://imagenes.gatotv.com/logos/canales/oscuros/teledeporte-mediano.png
Telefe,Telefe,https://imagenes.gatotv.com/logos/canales/oscuros/telefe_argentina-mediano.png
Telefe Internacional,Telefe Internacional,https://imagenes.gatotv.com/logos/canales/oscuros/telefe_internacional-mediano.png
Telefórmula,Telefórmula,https://imagenes.gatotv.com/logos/canales/oscuros/teleformula-mediano.png
Telefuturo,Telefuturo,https://imagenes.gatotv.com/logos/canales/oscuros/telefuturo-mediano.png
Telehit,Telehit,https://imagenes.gatotv.com/logos/canales/oscuros/telehit-mediano.png
Telehit Música,Telehit Música,https://imagenes.gatotv.com/logos/canales/oscuros/telehit_musica-mediano.png
Telehit Música Plus,Telehit Música Plus,https://imagenes.gatotv.com/logos/canales/oscuros/telehit_musica_plus-mediano.png
TeleMadrid,TeleMadrid,https://imagenes.gatotv.com/logos/canales/oscuros/telemadrid-mediano.png
Telemundo,Telemundo,https://imagenes.gatotv.com/logos/canales/oscuros/telemundo-mediano.png
Telemundo Panregional,Telemundo Panregional,https://imagenes.gatotv.com/logos/canales/oscuros/telemundo-mediano.png
Telemundo Puerto Rico,Telemundo Puerto Rico,https://imagenes.gatotv.com/logos/canales/oscuros/telemundo-mediano.png
Telenostalgia,Telenostalgia,https://imagenes.gatotv.com/logos/canales/oscuros/telenostalgia-mediano.png
Telepacífico,Telepacífico,https://imagenes.gatotv.com/logos/canales/oscuros/telepacifico-mediano.png
Telesistema Informativo TSI Honduras,Telesistema Informativo TSI Honduras,https://imagenes.gatotv.com/logos/canales/oscuros/telesistema_hondureno-mediano.png
Teleunion República Dominicana,Teleunion República Dominicana,https://imagenes.gatotv.com/logos/canales/oscuros/teleunion-mediano.png
Televisión Canaria,Televisión Canaria,https://imagenes.gatotv.com/logos/canales/oscuros/television_canaria-mediano.png
Televisión Dominicana,Televisión Dominicana,https://imagenes.gatotv.com/logos/canales/oscuros/tv_dominicana-mediano.png
Televisión Pública Argentina,Televisión Pública Argentina,https://imagenes.gatotv.com/logos/canales/oscuros/television_publica_argentina-mediano.png
Tigo Sports,Tigo Sports,https://imagenes.gatotv.com/logos/canales/oscuros/tigo_sports-mediano.png
Tigo Sports El Salvador,Tigo Sports El Salvador,https://imagenes.gatotv.com/logos/canales/oscuros/tigo_sports-mediano.png
Tigo Sports Guatemala,Tigo Sports Guatemala,https://imagenes.gatotv.com/logos/canales/oscuros/tigo_sports-mediano.png
TLC,TLC,https://imagenes.gatotv.com/logos/canales/oscuros/tlc-mediano.png
TLC Panregional,TLC Panregional,https://imagenes.gatotv.com/logos/canales/oscuros/tlc-mediano.png
Telenovelas,Telenovelas,https://imagenes.gatotv.com/logos/canales/oscuros/tlnovelas-mediano.png
TLNovelas,TLNovelas,https://imagenes.gatotv.com/logos/canales/oscuros/tlnovelas-mediano.png
TNT Centroamérica y Caribe,TNT Centroamérica y Caribe,https://imagenes.gatotv.com/logos/canales/oscuros/tnt_latinoamerica-mediano.png
TNT,TNT,https://imagenes.gatotv.com/logos/canales/oscuros/tnt_latinoamerica-mediano.png
TNT Pacífico,TNT Pacífico,https://imagenes.gatotv.com/logos/canales/oscuros/tnt_latinoamerica-mediano.png
TNT Sur,TNT Sur,https://imagenes.gatotv.com/logos/canales/oscuros/tnt_latinoamerica-mediano.png
TNT Novelas Guatemala,TNT Novelas Guatemala,https://imagenes.gatotv.com/logos/canales/oscuros/tnt_novelas_latinoamerica-mediano.png
TNT Novelas,TNT Novelas,https://imagenes.gatotv.com/logos/canales/oscuros/tnt_novelas_latinoamerica-mediano.png
TNT Series,TNT Series,https://imagenes.gatotv.com/logos/canales/oscuros/tnt_series-mediano.png
Tooncast,Tooncast,https://imagenes.gatotv.com/logos/canales/oscuros/tooncast-mediano.png
Tr3s,Tr3s,https://imagenes.gatotv.com/logos/canales/oscuros/tres-mediano.png
Tro,Tro,https://imagenes.gatotv.com/logos/canales/oscuros/tro-mediano.png
TUDN Centroamérica,TUDN Centroamérica,https://imagenes.gatotv.com/logos/canales/oscuros/tudn-mediano.png
TUDN Estados Unidos,TUDN Estados Unidos,https://imagenes.gatotv.com/logos/canales/oscuros/tudn-mediano.png
TUDN,TUDN,https://imagenes.gatotv.com/logos/canales/oscuros/tudn-mediano.png
TV Agro Centroamérica,TV Agro Centroamérica,https://imagenes.gatotv.com/logos/canales/oscuros/tv_agro_centroamerica-mediano.png
Azteca Corazon,Azteca Corazon,https://imagenes.gatotv.com/logos/canales/oscuros/tv_azteca_corazon-mediano.png
Azteca Mundo,Azteca Mundo,https://imagenes.gatotv.com/logos/canales/oscuros/tv_azteca_mundo-mediano.png
TV Chile,TV Chile,https://imagenes.gatotv.com/logos/canales/oscuros/tv_chile-mediano.png
TV Globo Internacional,TV Globo Internacional,https://imagenes.gatotv.com/logos/canales/oscuros/tv_globo_internacional-mediano.png
TV5MONDE,TV5MONDE,https://imagenes.gatotv.com/logos/canales/oscuros/tv5monde-mediano.png
TVC Deportes,TVC Deportes,https://imagenes.gatotv.com/logos/canales/oscuros/tvc_deportes-mediano.png
TVE,TVE,https://imagenes.gatotv.com/logos/canales/oscuros/tve_internacional-mediano.png
TVN,TVN,https://imagenes.gatotv.com/logos/canales/oscuros/tvn_chile-mediano.png
TVUNAM,TVUNAM,https://imagenes.gatotv.com/logos/canales/oscuros/tvunam-mediano.png
TyC Sports,TyC Sports,https://imagenes.gatotv.com/logos/canales/oscuros/tyc_sports-mediano.png
Ultra Cine,Ultra Cine,https://imagenes.gatotv.com/logos/canales/oscuros/ultra-mediano.png
Ultra Docu,Ultra Docu,https://imagenes.gatotv.com/logos/canales/oscuros/ultra-mediano.png
Ultra Fiesta,Ultra Fiesta,https://imagenes.gatotv.com/logos/canales/oscuros/ultra-mediano.png
Ultra Film,Ultra Film,https://imagenes.gatotv.com/logos/canales/oscuros/ultra-mediano.png
Ultra Kidz,Ultra Kidz,https://imagenes.gatotv.com/logos/canales/oscuros/ultra-mediano.png
Ultra Tainment,Ultra Tainment,https://imagenes.gatotv.com/logos/canales/oscuros/ultra-mediano.png
Unicable,Unicable,https://imagenes.gatotv.com/logos/canales/oscuros/unicable-mediano.png
Unicanal,Unicanal,https://imagenes.gatotv.com/logos/canales/oscuros/unicanal-mediano.png
Universal Cinema,Universal Cinema,https://imagenes.gatotv.com/logos/canales/oscuros/universal_cinema-mediano.png
Universal Comedy,Universal Comedy,https://imagenes.gatotv.com/logos/canales/oscuros/universal_comedy-mediano.png
Universal Crime,Universal Crime,https://imagenes.gatotv.com/logos/canales/oscuros/universal_crime-mediano.png
Universal Premiere,Universal Premiere,https://imagenes.gatotv.com/logos/canales/oscuros/universal_premiere-mediano.png
Universal Reality,Universal Reality,https://imagenes.gatotv.com/logos/canales/oscuros/universal_reality-mediano.png
Universal TV,Universal TV,https://imagenes.gatotv.com/logos/canales/oscuros/universal_tv-mediano.png
Universal TV Panregional,Universal TV Panregional,https://imagenes.gatotv.com/logos/canales/oscuros/universal_tv-mediano.png
Universo,Universo,https://imagenes.gatotv.com/logos/canales/oscuros/universo-mediano.png
Univisión,Univisión,https://imagenes.gatotv.com/logos/canales/oscuros/univision-mediano.png
Univision TLNovelas,Univision TLNovelas,https://imagenes.gatotv.com/logos/canales/oscuros/univision_tlnovelas-mediano.png
USA Network,USA Network,https://imagenes.gatotv.com/logos/canales/oscuros/usa_network_latinoamerica-mediano.png
Ve Plus Estados Unidos,Ve Plus Estados Unidos,https://imagenes.gatotv.com/logos/canales/oscuros/ve_plus-mediano.png
Ve Plus,Ve Plus,https://imagenes.gatotv.com/logos/canales/oscuros/ve_plus-mediano.png
Vía X,Vía X,https://imagenes.gatotv.com/logos/canales/oscuros/via_x-mediano.png
Vibra TV,Vibra TV,https://imagenes.gatotv.com/logos/canales/oscuros/vibra_tv-mediano.png
Video Rola,Video Rola,https://imagenes.gatotv.com/logos/canales/oscuros/video_rola-mediano.png
ViendoMovies,ViendoMovies,https://imagenes.gatotv.com/logos/canales/oscuros/viendomovies-mediano.png
VTV Honduras Vica TV,VTV Honduras Vica TV,https://imagenes.gatotv.com/logos/canales/oscuros/9_de_honduras-mediano.png
WAPA 2 Deportes,WAPA 2 Deportes,https://imagenes.gatotv.com/logos/canales/oscuros/wapa_2_deportes-mediano.png
WAPA-TV,WAPA-TV,https://imagenes.gatotv.com/logos/canales/oscuros/wapa_tv-mediano.png
Warner TV  España,Warner TV  España,https://imagenes.gatotv.com/logos/canales/oscuros/warner_tv_espana-mediano.png
Warner TV Chile,Warner TV Chile,https://imagenes.gatotv.com/logos/canales/oscuros/warner_tv-mediano.png
Warner TV,Warner TV,https://imagenes.gatotv.com/logos/canales/oscuros/warner_tv-mediano.png
Warner TV Panregional,Warner TV Panregional,https://imagenes.gatotv.com/logos/canales/oscuros/warner_tv-mediano.png
Warner TV Sur,Warner TV Sur,https://imagenes.gatotv.com/logos/canales/oscuros/warner_tv-mediano.png
Willax TV,Willax TV,https://imagenes.gatotv.com/logos/canales/oscuros/willax_tv-mediano.png
WOBI,WOBI,https://imagenes.gatotv.com/logos/canales/oscuros/wobi-mediano.png
Zona Latina,Zona Latina,https://imagenes.gatotv.com/logos/canales/oscuros/zona_latina-mediano.png
ZOOM,ZOOM,https://imagenes.gatotv.com/logos/canales/oscuros/zoom_colombia-mediano.png
ZooMoo,ZooMoo,https://imagenes.gatotv.com/logos/canales/oscuros/zoomoo-mediano.png
MariaVision,MariaVision,https://imagenes.gatotv.com/logos/canales/oscuros/maria_vision-mediano.png
El gourmet,El gourmet,https://imagenes.gatotv.com/logos/canales/oscuros/elgourmet-mediano.png
HBO +,HBO +,https://imagenes.gatotv.com/logos/canales/oscuros/hbo_plus-mediano.png
AYM Sport,AYM Sport,https://imagenes.gatotv.com/logos/canales/oscuros/aym_sports-mediano.png
Fox Sport,Fox Sport,https://imagenes.gatotv.com/logos/canales/oscuros/fox_sports-mediano.png
Fox Sport 2,Fox Sport 2,https://imagenes.gatotv.com/logos/canales/oscuros/fox_sports_2-mediano.png
Fox Sport 3,Fox Sport 3,https://imagenes.gatotv.com/logos/canales/oscuros/fox_sports_3-mediano.png
13 C,13 C,https://imagenes.gatotv.com/logos/canales/oscuros/13_de_chile-mediano.png
Discovery H&amp;H,Discovery H&amp;H,https://imagenes.gatotv.com/logos/canales/oscuros/discovery_home_and_health_latinoamerica-mediano.png
CNN Español,CNN Español,https://imagenes.gatotv.com/logos/canales/oscuros/cnn_en_espanol-mediano.png
C5N,C5N,
Canal Rural,Canal Rural,
IP noticias,IP noticias,
Magazine,Magazine,
RAI,RAI,
ADULT SWIM AR,ADULT SWIM AR,
ARGENTINISIMA,ARGENTINISIMA,
DEPORTV,DEPORTV,
EL GARAGE,EL GARAGE,
EL GARAGE TV,EL GARAGE TV,
El Nueve,El Nueve,
TELESUR,TELESUR,
VOLVER,VOLVER,
ESPN AR,ESPN AR,
ESPN 2 AR,ESPN 2 AR,
ESPN 3 AR,ESPN 3 AR,
FOX SPORTS AR,FOX SPORTS AR,
FOX SPORTS 2 AR,FOX SPORTS 2 AR,
FOX SPORTS 3 AR,FOX SPORTS 3 AR,
FOX Sports Premium AR,FOX Sports Premium AR,
America TV,America TV,
CineAr,CineAr,
France 24 en Español,France 24 en Español,
HispanTV,HispanTV,
TruTV,TruTV,
TV Publica,TV Publica,
NBA,NBA,
CDF Basico,CDF Basico,
CDF Premium,CDF Premium,
UCV TV,UCV TV,
Universal Channel,Universal Channel,
FOX Sports CL,FOX Sports CL,
FOX Sports 2 CL,FOX Sports 2 CL,
FOX Sports 3 CL,FOX Sports 3 CL,
FOX Sports Basico,FOX Sports Basico,
Universal Studio,Universal Studio,
Adult Swim CL,Adult Swim CL,
CDO BASICO,CDO BASICO,
CDO PREMIUM,CDO PREMIUM,
CHV Noticias,CHV Noticias,
CHV,CHV,
Kanal D Drama,Kanal D Drama,
Love Nature,Love Nature,
NTV,NTV,
T13,T13,
Teletrak,Teletrak,
ESPN CL,ESPN CL,
ESPN 2 HD CL,ESPN 2 HD CL,
ESPN 2 CL,ESPN 2 CL,
ESPN 3 HD CL,ESPN 3 HD CL,
ESPN 3 CL,ESPN 3 CL,
ESPN 4 CL,ESPN 4 CL,
ESPN 5 CL,ESPN 5 CL,
ESPN 6 CL,ESPN 6 CL,
ESPN 7 HD CL,ESPN 7 HD CL,
ESPN 7 CL,ESPN 7 CL,
ESPN INTERNACIONAL,ESPN INTERNACIONAL,
ESPN Premium CL,ESPN Premium CL,
ETC TV,ETC TV,
DAZN F1,DAZN F1,
DAZN LALIGA 2,DAZN LALIGA 2,
DAZN LALIGA,DAZN LALIGA,
DAZN 1,DAZN 1,
DAZN 2,DAZN 2,
DAZN 3,DAZN 3,
DAZN 4,DAZN 4,
Atres Series,Atres Series,
CGTN en Espanol,CGTN en Espanol,
Esport3,Esport3,
France 24,France 24,
BeIN LaLiga,BeIN LaLiga,
BeIN Sports,BeIN Sports,
Boing,Boing,
Caza y Pesca,Caza y Pesca,
Cazavision,Cazavision,
Adult Swim,Adult Swim,
Azteca Cinema,Azteca Cinema,
Az Click,Az Click,
Azteca Deportes,Azteca Deportes,
Caliente TV,Caliente TV,
Canal del Congreso,Canal del Congreso,
Disney Jr,Disney Jr,
Imagen TV,Imagen TV,
Canal 11,Canal 11,
ONCE NInOS,ONCE NInOS,
Teleritmo,Teleritmo,
Claro Sports,Claro Sports,
